step,train_loss,train_l1,minutes,lr,val_loss,val_pcc_DNA,val_pcc_ER,val_pcc_RNA,val_pcc_AGP,val_pcc_Mito,val_pcc_mean
250,0.1335262763351202,0.1335262763351202,3.0629868666330973,0.00029815325108927063,0.06834559848842521,0.3369579948890596,0.6631377797320271,0.7375708149349526,0.6390834967498603,0.7719540139285906,0.6297408200468981
500,0.06936421565711498,0.06936421565711498,5.154938717683156,0.00029265847744427303,0.06841919656532507,0.41234511173461125,0.6964393416438869,0.7735475201451257,0.6588191307006784,0.7913176854849198,0.6664937579418444
750,0.06593229220807552,0.06593229220807552,7.244436534245809,0.00028365097862825513,0.06827134289778769,0.4189984543170902,0.7129895756358055,0.7951234803934041,0.6891818096473203,0.8162962259296495,0.6865179091846539
1000,0.06328310531377793,0.06328310531377793,9.352342434724171,0.0002713525491562421,0.07273707220641275,0.4749688523649637,0.718484277286434,0.8011819519820319,0.69098592179267,0.8227361731144222,0.7016714353081044
1250,0.06094930736720562,0.06094930736720562,11.450618998209636,0.00025606601717798207,0.057240999885834754,0.5671331372683966,0.7432014801018155,0.8189235414623622,0.7097357107854286,0.830742946161752,0.733947363155951
1500,0.05860000109672547,0.05860000109672547,13.5932701865832,0.00023816778784387094,0.054863807667667665,0.6161221857136691,0.7565418258981519,0.8341268208047597,0.7167820064991935,0.8382106996301776,0.7523567077091904
1750,0.058525014743208884,0.058525014743208884,15.759849385420482,0.00021809857496093199,0.05979765571343402,0.5822774335633718,0.7381438713357141,0.8139790834622356,0.7050920328049067,0.8277615028128111,0.7334507847958079
2000,0.0562757980376482,0.0562757980376482,17.937592732906342,0.0001963525491562421,0.055534863378852606,0.6452100858203232,0.7589390582333291,0.8332466448819646,0.7121306779043127,0.8312460974392201,0.75615451285583
2250,0.05466587409377098,0.05466587409377098,20.09407963355382,0.00017346516975603462,0.057955819608954094,0.6719007766174144,0.7634245772625253,0.8347092787787945,0.7182753759037709,0.8426350766737943,0.76618901704726
2500,0.05418476618826389,0.05418476618826389,22.23710506359736,0.00015,0.056128220981918275,0.6514467983907548,0.7655918977026938,0.828571286198741,0.7237373392301776,0.8423451755177277,0.7623384994080189
2750,0.05228008033335209,0.05228008033335209,24.399672285715738,0.00012653483024396533,0.05515284661669284,0.6854677906665781,0.7677686031864558,0.8431128997173382,0.732900634030465,0.8545426553504414,0.7767585165902557
3000,0.052232241436839105,0.052232241436839105,26.560493731498717,0.0001036474508437579,0.05413212204196801,0.683275178500792,0.7758938675060474,0.8449606099290952,0.7337833527817024,0.8505154708317804,0.7776856959098835
3250,0.05138213542103767,0.05138213542103767,28.719664017359417,8.190142503906798e-05,0.055954015580937266,0.7075095923937372,0.7847836455810074,0.8601819449237308,0.7455446532335971,0.8696684963887934,0.7935376665041732
3500,0.05116427347064018,0.05116427347064018,30.852443265914918,6.183221215612904e-05,0.05392605337935189,0.7045998452203364,0.7822356825186182,0.8558968279473138,0.7374524327993311,0.8525013516079651,0.786537228018713
3750,0.050479743599891665,0.050479743599891665,32.939924780527754,4.3933982822017876e-05,0.05298801325261593,0.7128990616140181,0.779329265260615,0.8556331880853234,0.7409064488846804,0.8577471610329921,0.7893030249755257
4000,0.05002903665602207,0.05002903665602207,35.024717251459755,2.8647450843757897e-05,0.0564765405918782,0.718095380931,0.7868589257606725,0.8603522438451656,0.7483038103344218,0.8683312283059643,0.7963883178354448
4250,0.049161707803606985,0.049161707803606985,37.11094040075938,1.634902137174483e-05,0.054018902708776295,0.7134409358355619,0.7878506851025978,0.8574191950825568,0.7419199206431646,0.8644508632574931,0.7930163199842749
4500,0.049681388244032856,0.049681388244032856,39.1971520503362,7.34152255572697e-06,0.05278323031961918,0.7187430119536008,0.7910010728260067,0.86193410623242,0.7488763224356747,0.8685827015072533,0.7978274429909911
4750,0.049826100900769235,0.049826100900769235,41.28384845256805,1.8467489107293509e-06,0.05316184806482246,0.7213962749930398,0.7898681300324976,0.8624801070458222,0.7523079303429713,0.8710424695853036,0.7994189823999268
5000,0.04905633610486984,0.04905633610486984,43.370679847399394,0.0,0.05281952539614091,0.7220133240259291,0.7904164259952396,0.8623834592317076,0.7515624894999182,0.8704425572515179,0.7993636512008625
