feature,pearson
nuclei_count,0.35914525727837043
nuclei_area_mean,0.40133593178459936
nuclei_eccentricity_mean,0.5540832412833747
nuclei_solidity_mean,0.5600847068083784
DNA_mean,0.6665238284024967
DNA_std,0.7617900355275735
DNA_p90,0.5970967736754927
DNA_frac_high,0.5591890904026409
DNA_nuc_mean,0.35795874277095185
DNA_cyto_mean,0.30467667456048075
DNA_nuc_cyto_ratio,0.7087255351936177
DNA_gradient_mean,0.9409806757505466
DNA_texture_contrast,0.8406334259228069
ER_mean,0.6288780961601644
ER_std,0.4671504818786755
ER_p90,0.6368136962900004
ER_frac_high,0.009714830380109767
ER_nuc_mean,0.11122307052959071
ER_cyto_mean,0.2679229758191674
ER_nuc_cyto_ratio,0.6590926548313325
ER_gradient_mean,0.48183264783263124
ER_texture_contrast,0.012095999336067222
RNA_mean,0.6023434377422504
RNA_std,0.5202673626488634
RNA_p90,0.5557188168195892
RNA_frac_high,0.43416639403559243
RNA_nuc_mean,0.16519511931785424
RNA_cyto_mean,0.3758988590466036
RNA_nuc_cyto_ratio,0.18008331247744108
RNA_gradient_mean,0.6539944969283119
RNA_texture_contrast,0.27371255668986927
AGP_mean,0.6993246513892413
AGP_std,0.4592601961153303
AGP_p90,0.5637902966358588
AGP_frac_high,0.07222649063750976
AGP_nuc_mean,0.3064707197370213
AGP_cyto_mean,0.46149893520187335
AGP_nuc_cyto_ratio,0.230597039760375
AGP_gradient_mean,0.6191515475192693
AGP_texture_contrast,0.11988458192622409
Mito_mean,0.6274724549577317
Mito_std,0.4006634853148525
Mito_p90,0.5404646914412041
Mito_frac_high,-0.0508475048372704
Mito_nuc_mean,0.31693542874272007
Mito_cyto_mean,0.5438670560174308
Mito_nuc_cyto_ratio,0.35698508371876864
Mito_gradient_mean,0.593501506372822
Mito_texture_contrast,0.16202593015342193
