field_id,well,plate,compound,dose_um,mtt,ldh,split,bf_std,bf_p90,bf_p10,bf_gradient_mean,bf_texture_2,bf_texture_4,bf_texture_8,bf_edge_frac
p41002688_C11_s08,p41002688_C11,plate_41002688,Irinotecan,3.5,0.9380184412002563,0.0116066001355648,test,1.679257869720459,1.2057433128356934,-1.665358304977417,0.2585177719593048,2.09074330329895,2.400210380554199,2.507344961166382,0.1
p41002688_D11_s08,p41002688_D11,plate_41002688,Gabapentin enacarbil,3.5,1.020402193069458,-0.0208166893571615,test,1.6856882572174072,1.2448089122772217,-1.667056918144226,0.2774314284324646,1.8257489204406738,2.2576375007629395,2.4488120079040527,0.1
p41002688_E11_s08,p41002688_E11,plate_41002688,Macitentan,3.5,0.9531943798065186,-0.1213288828730583,test,1.3299036026000977,1.2337008714675903,-1.3720598220825195,0.20936211943626404,1.2307791709899902,1.3874866962432861,1.4351192712783813,0.1
p41002688_G15_s08,p41002688_G15,plate_41002688,6-Thioguanine,3.5,0.8989945650100708,-0.0305436756461858,test,1.3423036336898804,1.1447689533233643,-1.4296175241470337,0.21873079240322113,1.3302758932113647,1.456510066986084,1.5056284666061401,0.1
p41002688_G18_s08,p41002688_G18,plate_41002688,Thio-TEPA,3.5,1.05798077583313,-0.0240590181201696,test,1.5291857719421387,1.3430309295654297,-1.540008783340454,0.2500537931919098,1.5404951572418213,1.827155351638794,1.9383753538131714,0.1
p41002688_I15_s08,p41002688_I15,plate_41002688,Zalcitabine,3.5,0.8838186264038086,-0.040270660072565,test,1.5578325986862183,1.287913203239441,-1.46608304977417,0.2606317102909088,1.4031699895858765,1.6895108222961426,1.9353703260421753,0.1
p41002688_J15_s08,p41002688_J15,plate_41002688,Ebrotidine,3.5,0.9213971495628356,-0.0726939514279365,test,1.6256815195083618,1.376530647277832,-1.4150735139846802,0.26312321424484253,1.8997544050216675,2.2316536903381348,2.3432371616363525,0.1
p41002688_J21_s08,p41002688_J21,plate_41002688,Lenvatinib,3.5,0.6843632459640503,-0.0564823076128959,test,1.756429672241211,1.476608157157898,-1.5859864950180054,0.29344215989112854,2.243724822998047,2.565889596939087,2.6742470264434814,0.1
p41002688_L14_s08,p41002688_L14,plate_41002688,Edoxaban (tosylate),3.5,0.8895999193191528,-0.040270660072565,test,1.488840103149414,1.3359029293060303,-1.4799708127975464,0.3034438192844391,1.5642032623291016,1.8597089052200317,1.9721943140029907,0.1
p41002688_N21_s08,p41002688_N21,plate_41002688,Troglitazone,3.5,1.117239236831665,-0.0921479240059852,test,1.4759594202041626,1.2976540327072144,-1.4796990156173706,0.2660587728023529,1.48284912109375,1.7512339353561401,1.8605351448059082,0.1
p41002688_O16_s08,p41002688_O16,plate_41002688,Nifurtimox,3.5,0.992218255996704,0.0440298877656459,test,1.4587897062301636,1.2757984399795532,-1.4535737037658691,0.2539297342300415,1.40239679813385,1.6899915933609009,1.767872929573059,0.1
p41002689_A19_s08,p41002689_A19,plate_41002689,Lapatinib,3.5,0.9458366632461548,0.1685211062431335,test,1.3003586530685425,1.3545514345169067,-1.360102891921997,0.23285110294818878,1.2973289489746094,1.4023789167404175,1.427315354347229,0.1
p41002689_C16_s08,p41002689_C16,plate_41002689,Compound_567dbb1e,3.5,0.9599153995513916,0.0357937701046466,test,1.8090559244155884,1.3286633491516113,-1.5930402278900146,0.2651498317718506,2.1761279106140137,2.6663589477539062,2.83134126663208,0.1
p41002689_D19_s08,p41002689_D19,plate_41002689,Sorafenib,3.5,0.6053866744041443,-0.0058461814187467,test,1.7701895236968994,1.364565372467041,-1.670684576034546,0.3578290641307831,2.4729111194610596,2.824610710144043,2.9081757068634033,0.1
p41002689_D20_s08,p41002689_D20,plate_41002689,control,0.0,0.9547958970069884,0.0227812845259904,test,1.6169896125793457,1.404975175857544,-1.4161701202392578,0.25881969928741455,1.9050287008285522,2.221243143081665,2.318908929824829,0.1
p41002689_E19_s08,p41002689_E19,plate_41002689,Olmesartan,3.5,0.9746341109275818,-0.029268654063344,test,1.4123021364212036,1.3489999771118164,-1.3888437747955322,0.23864084482192993,1.4499592781066895,1.6599456071853638,1.7291926145553589,0.1
p41002689_H17_s08,p41002689_H17,plate_41002689,control,0.0,0.9624751806259156,-0.0084486780688166,test,1.373557209968567,1.2118135690689087,-1.349000096321106,0.2141459584236145,1.2715071439743042,1.4664568901062012,1.5417615175247192,0.1
p41002689_I17_s08,p41002689_I17,plate_41002689,Ponatinib (hydrochloride),3.5,0.6335441470146179,0.0279862787574529,test,1.4148648977279663,1.4666051864624023,-1.4112615585327148,0.21949224174022675,1.384102463722229,1.5403106212615967,1.5972665548324585,0.1
p41002689_J15_s08,p41002689_J15,plate_41002689,Retinoic acid,3.5,0.8972009420394897,-0.0995360687375068,test,1.5697101354599,1.32335364818573,-1.5233954191207886,0.27286049723625183,1.694101095199585,2.0355820655822754,2.1664795875549316,0.1
p41002689_M14_s08,p41002689_M14,plate_41002689,Mitoxantrone,3.5,0.0358368419110775,0.4053483307361603,test,1.052851915359497,1.1550261974334717,-1.2696471214294434,0.08410593122243881,0.2844708561897278,0.3344930410385132,0.3668886423110962,0.1
p41002689_N21_s08,p41002689_N21,plate_41002689,Raltegravir,3.5,1.127580642700195,-0.0578961186110973,test,1.445056676864624,1.3533515930175781,-1.5056580305099487,0.286398321390152,1.4729200601577759,1.7229931354522705,1.8143095970153809,0.1
p41002689_N22_s08,p41002689_N22,plate_41002689,Thalidomide,3.5,1.1672571897506714,-0.0604986175894737,test,1.4865471124649048,1.388676404953003,-1.3546680212020874,0.2452656477689743,1.6046602725982666,1.8243132829666138,1.8964407444000244,0.1
p41002689_P17_s08,p41002689_P17,plate_41002689,Lercanidipine,3.5,1.0674259662628174,0.0800362154841423,test,1.479799509048462,1.1620599031448364,-1.6016217470169067,0.2600264847278595,1.4332342147827148,1.7192766666412354,1.820595622062683,0.1
p41002690_C21_s08,p41002690_C21,plate_41002690,Troglitazone,0.4107883870601654,1.1478569507598877,0.017060961574316,test,1.3072664737701416,1.2625256776809692,-1.3547649383544922,0.2203185111284256,1.1582996845245361,1.3184267282485962,1.366861343383789,0.1
p41002690_C22_s08,p41002690_C22,plate_41002690,Macitentan,0.4107883870601654,1.0661275386810305,0.0198705215007066,test,1.3515961170196533,1.2999454736709595,-1.4225817918777466,0.24659623205661774,1.316088080406189,1.475264072418213,1.5321284532546997,0.1
p41002690_D18_s08,p41002690_D18,plate_41002690,6-Thioguanine,0.4107883870601654,1.0015767812728882,-0.0054155243560671,test,1.3807635307312012,1.3231817483901978,-1.3877272605895996,0.2179514765739441,1.341220498085022,1.4815279245376587,1.5317586660385132,0.1
p41002690_G22_s08,p41002690_G22,plate_41002690,Ebrotidine,0.4107883870601654,1.129116415977478,-0.0222728885710239,test,1.4135180711746216,1.2709587812423706,-1.3935950994491577,0.23750953376293182,1.3259607553482056,1.5864235162734985,1.7129759788513184,0.1
p41002690_J19_s08,p41002690_J19,plate_41002690,Gabapentin enacarbil,0.4107883870601654,1.0109471082687378,-0.0840832218527793,test,1.5910619497299194,1.3224449157714844,-1.5348858833312988,0.28005820512771606,1.8422987461090088,2.129460096359253,2.21895694732666,0.1
p41002690_K19_s08,p41002690_K19,plate_41002690,Edoxaban (tosylate),0.4107883870601654,0.9417112469673156,-0.0054155243560671,test,1.3012069463729858,1.2462190389633179,-1.2719142436981201,0.19962672889232635,1.1329010725021362,1.2852323055267334,1.3381638526916504,0.1
p41002690_M10_s08,p41002690_M10,plate_41002690,Nifurtimox,0.4107883870601654,0.8860102295875549,-0.0447493754327297,test,1.2441843748092651,1.363275170326233,-1.291899561882019,0.16221089661121368,0.9815179109573364,1.0524545907974243,1.0870212316513062,0.1
p41002690_N19_s08,p41002690_N19,plate_41002690,Zalcitabine,0.4107883870601654,0.9162033200263976,0.0339183248579502,test,1.3363813161849976,1.2536901235580444,-1.261021614074707,0.1971655786037445,1.093457818031311,1.2676002979278564,1.318650484085083,0.1
p41002690_O19_s08,p41002690_O19,plate_41002690,Thio-TEPA,0.4107883870601654,0.950040340423584,0.0198705215007066,test,1.4347882270812988,1.1202565431594849,-1.5542826652526855,0.23832963407039642,1.3714947700500488,1.5608103275299072,1.6079505681991577,0.1
p41002690_P17_s08,p41002690_P17,plate_41002690,Irinotecan,0.4107883870601654,0.9620134830474854,0.1406816244125366,test,1.3155360221862793,1.296097993850708,-1.2828725576400757,0.15512335300445557,0.9664855599403381,1.0477043390274048,1.0829216241836548,0.1
p41002691_C12_s08,p41002691_C12,plate_41002691,control,0.0,0.978611171245575,0.0209449063986539,test,1.756040096282959,1.2205238342285156,-1.4710524082183838,0.25624707341194153,2.314525842666626,2.6605544090270996,2.7454257011413574,0.1
p41002691_C14_s08,p41002691_C14,plate_41002691,Raltegravir,0.0456431545317173,0.97729229927063,0.0537903197109699,test,1.4272990226745605,1.249483585357666,-1.498274564743042,0.23878461122512817,1.452209711074829,1.633680820465088,1.689489483833313,0.1
p41002691_D22_s08,p41002691_D22,plate_41002691,Thalidomide,0.0456431545317173,1.032685399055481,0.0264191422611475,test,1.4636812210083008,1.2922663688659668,-1.5002896785736084,0.22690211236476898,1.5035289525985718,1.6907963752746582,1.772750973701477,0.1
p41002691_E24_s08,p41002691_E24,plate_41002691,Sorafenib,0.0456431545317173,1.165892481803894,0.2015946805477142,test,1.549877643585205,1.371114730834961,-1.3987581729888916,0.2522738575935364,1.7081595659255981,2.0049455165863037,2.121243953704834,0.1
p41002691_I19_s08,p41002691_I19,plate_41002691,Compound_567dbb1e,0.0456431545317173,0.8539767265319824,-0.0420088022947311,test,1.400087833404541,1.1484730243682861,-1.5799099206924438,0.2290390282869339,1.4349857568740845,1.583083152770996,1.6238971948623657,0.1
p41002691_J13_s08,p41002691_J13,plate_41002691,Retinoic acid,0.0456431545317173,0.8961809873580933,-0.0365345664322376,test,1.3300752639770508,1.408955454826355,-1.2410799264907837,0.20162974298000336,1.3040404319763184,1.4136666059494019,1.4374476671218872,0.1
p41002691_K20_s08,p41002691_K20,plate_41002691,control,0.0,1.0082859992980957,-0.0556943900883197,test,1.4554752111434937,1.3667500019073486,-1.3963333368301392,0.22500653564929962,1.3475385904312134,1.6071349382400513,1.7355504035949707,0.1
p41002691_L17_s08,p41002691_L17,plate_41002691,Lercanidipine,0.0456431545317173,0.9614656567573548,-0.0173747409135103,test,1.678051233291626,1.32958984375,-1.5431007146835327,0.2982195019721985,1.8649940490722656,2.323453426361084,2.53084397315979,0.1
p41002691_L19_s08,p41002691_L19,plate_41002691,Lapatinib,0.0456431545317173,0.9218991994857788,-0.0611686259508132,test,1.4909032583236694,1.3772021532058716,-1.428905963897705,0.272605836391449,1.6797178983688354,1.9077216386795044,1.9854629039764404,0.0999965706447188
p41002691_L23_s08,p41002691_L23,plate_41002691,Olmesartan,0.0456431545317173,1.0966511964797974,-0.0064262710511684,test,1.3369687795639038,1.3430572748184204,-1.414370059967041,0.22245517373085022,1.2043476104736328,1.3493043184280396,1.3974627256393433,0.1
p41002692_A15_s08,p41002692_A15,plate_41002692,Rifampicin,100.0,0.6131716966629028,0.2050155103206634,test,1.574103832244873,1.3118228912353516,-1.5189528465270996,0.2916584014892578,1.8516435623168945,2.130570411682129,2.2049508094787598,0.1
p41002692_B10_s08,p41002692_B10,plate_41002692,Pexidartinib,100.0,0.3931070268154144,0.1048232167959213,test,1.7522848844528198,1.393229603767395,-1.6438634395599365,0.2961704432964325,2.3552098274230957,2.6143503189086914,2.6988182067871094,0.1
p41002692_C16_s08,p41002692_C16,plate_41002692,Benzethonium (chloride),100.0,0.0163010880351066,0.6734822392463684,test,1.9076166152954102,1.1643154621124268,-1.3891487121582031,0.22668135166168213,2.5469186305999756,2.9813475608825684,3.0631349086761475,0.1
p41002692_C20_s08,p41002692_C20,plate_41002692,control,0.0,1.0351191759109497,0.0181704126298427,test,1.681992530822754,1.4445043802261353,-1.4683804512023926,0.2598894536495209,1.7317677736282349,2.1253044605255127,2.2576465606689453,0.1
p41002692_D12_s08,p41002692_D12,plate_41002692,control,0.0,0.9153687953948976,-0.0007848874665796,test,1.8046486377716064,1.4845454692840576,-1.5232727527618408,0.2876628637313843,2.2161765098571777,2.6959586143493652,2.9033186435699463,0.1
p41002692_D21_s08,p41002692_D21,plate_41002692,Compound_f7ec0534,100.0,0.416304737329483,0.0750363171100616,test,1.3831831216812134,1.2707971334457397,-1.520068883895874,0.23654647171497345,1.2579914331436157,1.4283479452133179,1.4942723512649536,0.1
p41002692_F11_s08,p41002692_F11,plate_41002692,Mitoxantrone,100.0,0.0087775094434618,0.5922452211380005,test,2.0203845500946045,1.1143913269042969,-1.3908944129943848,0.17122864723205566,0.8175782561302185,1.0642223358154297,1.3946092128753662,0.0999965706447188
p41002692_G12_s08,p41002692_G12,plate_41002692,control,0.0,0.9304159879684448,-0.0414033867418766,test,1.615557312965393,1.294843077659607,-1.4622372388839722,0.26928138732910156,1.665037751197815,2.087169647216797,2.3108303546905518,0.1
p41002692_G23_s08,p41002692_G23,plate_41002692,Haloperidol,100.0,0.0457684397697448,0.3756132125854492,test,0.9279240965843201,1.1471089124679565,-1.2755850553512573,0.07204943895339966,0.10315929353237152,0.11746148765087128,0.13397103548049927,0.0999965706447188
p41002692_H10_s08,p41002692_H10,plate_41002692,control,0.0,0.8407599925994873,-0.0089085875079035,test,1.417008638381958,1.3653186559677124,-1.4305927753448486,0.2650113105773926,1.580064296722412,1.729858160018921,1.7681450843811035,0.1
p41002692_I14_s08,p41002692_I14,plate_41002692,Retinoic acid,100.0,0.9310429692268372,-0.1009771898388862,test,1.4722758531570435,1.3704127073287964,-1.4507102966308594,0.25305819511413574,1.630336046218872,1.82748281955719,1.8917912244796753,0.1
p41002692_I22_s08,p41002692_I22,plate_41002692,Domperidone,100.0,0.1034492179751396,0.2537577152252197,test,1.1823581457138062,1.1385177373886108,-1.3107305765151978,0.1021166443824768,0.5611814260482788,0.6429807543754578,0.673623263835907,0.09999314128943759
p41002692_J14_s08,p41002692_J14,plate_41002692,Compound_0a440abe,100.0,0.3473385870456695,-0.0901455879211425,test,1.4114488363265991,1.3128660917282104,-1.4032009840011597,0.2307736724615097,1.4277105331420898,1.6095750331878662,1.6714855432510376,0.0999965706447188
p41002692_J22_s08,p41002692_J22,plate_41002692,Compound_567dbb1e,100.0,0.4144238233566284,0.0019230125471949,test,1.460756540298462,1.2170977592468262,-1.5048843622207642,0.2466559261083603,1.472056269645691,1.6573740243911743,1.7266765832901,0.1
p41002692_J24_s08,p41002692_J24,plate_41002692,Avapritinib,100.0,0.2482781112194061,0.1833523213863372,test,1.7995829582214355,1.364964485168457,-1.4048757553100586,0.2301338016986847,2.12744140625,2.478553295135498,2.6323318481445312,0.1
p41002692_K10_s08,p41002692_K10,plate_41002692,Lapatinib,100.0,0.045141477137804,0.1129469126462936,test,0.9482884407043457,1.1225255727767944,-1.2603795528411865,0.08327651768922806,0.13063929975032806,0.14990055561065674,0.1688389629125595,0.1
p41002692_K11_s08,p41002692_K11,plate_41002692,Duvelisib,100.0,0.3636396825313568,0.0506652146577835,test,1.198764681816101,1.1491482257843018,-1.3073642253875732,0.13563302159309387,0.6568992733955383,0.7425864338874817,0.7772979140281677,0.1
p41002692_K13_s08,p41002692_K13,plate_41002692,Olmesartan,100.0,0.797499418258667,-0.0738981887698173,test,1.5613683462142944,1.4210107326507568,-1.4114092588424683,0.2804487645626068,1.835517168045044,2.1347293853759766,2.231112003326416,0.1
p41002692_K14_s08,p41002692_K14,plate_41002692,Sunitinib,100.0,0.0125392992049455,0.5516267418861389,test,1.1266008615493774,1.1457260847091675,-1.2566027641296387,0.0954681858420372,0.4686577320098877,0.5079387426376343,0.5293938517570496,0.1
p41002692_K16_s08,p41002692_K16,plate_41002692,Tadalafil,100.0,0.6156795620918274,0.0614968128502368,test,1.5280604362487793,1.3749423027038574,-1.406072974205017,0.2885911166667938,1.6627570390701294,1.9584983587265015,2.07736873626709,0.1
p41002692_K21_s08,p41002692_K21,plate_41002692,Thalidomide,100.0,0.95925635099411,-0.0251559875905513,test,1.3718234300613403,1.3151339292526245,-1.4393095970153809,0.23492498695850372,1.373539924621582,1.51581871509552,1.5504177808761597,0.1
p41002692_L16_s08,p41002692_L16,plate_41002692,Sorafenib,100.0,0.0200628787279129,0.4676818251609802,test,1.0300556421279907,1.1155192852020264,-1.2538782358169556,0.07781550288200378,0.24143682420253754,0.2989223003387451,0.3263642489910126,0.0999965706447188
p41002692_L18_s08,p41002692_L18,plate_41002692,Lercanidipine,100.0,0.9034565091133118,-0.0955613851547241,test,1.634572982788086,1.3044575452804565,-1.6289812326431274,0.2511526346206665,1.8458770513534546,2.1334049701690674,2.2468643188476562,0.0999965706447188
p41002692_L20_s08,p41002692_L20,plate_41002692,control,0.0,1.000636100769043,-0.0143243875354528,test,1.3863407373428345,1.3430572748184204,-1.4559690952301025,0.23270393908023834,1.3873252868652344,1.5402863025665283,1.5880762338638306,0.1
p41002692_M10_s08,p41002692_M10,plate_41002692,Raltegravir,100.0,0.9529867172241212,-0.136179894208908,test,1.5858871936798096,1.196602463722229,-1.4449539184570312,0.25365912914276123,1.6138569116592407,1.976412057876587,2.1440656185150146,0.1
p41002692_M18_s08,p41002692_M18,plate_41002692,Compound_fdb8d1f5,100.0,0.559879720211029,-0.0576507896184921,test,1.4992772340774536,1.2864980697631836,-1.3802510499954224,0.24578562378883362,1.6371785402297974,1.878662109375,1.9493398666381836,0.1
p41002692_M21_s08,p41002692_M21,plate_41002692,Vitamin K1,100.0,0.6420121192932129,-0.0305717885494232,test,1.4160422086715698,1.2096667289733887,-1.4946666955947876,0.21972596645355225,1.4152045249938965,1.5603305101394653,1.603485107421875,0.1
p41002692_O13_s08,p41002692_O13,plate_41002692,Lopinavir,100.0,0.5366820096969604,0.2564656138420105,test,1.5255701541900635,1.2133017778396606,-1.4208402633666992,0.19178487360477448,1.4577516317367554,1.6665618419647217,1.7307937145233154,0.1
p41002692_O14_s08,p41002692_O14,plate_41002692,Tenapanor (hydrochloride),100.0,0.1109727919101715,0.1562733203172683,test,1.4833934307098389,1.32438325881958,-1.5607043504714966,0.27110886573791504,1.6691771745681763,1.8807730674743652,1.9574639797210693,0.1
p41002692_P17_s08,p41002692_P17,plate_41002692,Rivaroxaban,100.0,0.4125429391860962,0.2077234089374542,test,1.805850863456726,1.2616153955459595,-1.6766923666000366,0.2990982234477997,2.3793888092041016,2.7714240550994873,2.881103038787842,0.1
p41002692_P23_s08,p41002692_P23,plate_41002692,Oxyphenbutazone,100.0,0.5548639893531799,0.3404105305671692,test,1.863046646118164,1.1408209800720215,-1.4655803442001343,0.2064393311738968,2.316333055496216,2.6664090156555176,2.7543981075286865,0.1
p41002693_A14_s08,p41002693_A14,plate_41002693,Prazosin,100.0,0.0293526668101549,0.5924547910690308,test,1.204046368598938,1.1739388704299927,-1.3387023210525513,0.10773540288209915,0.5151876211166382,0.6110974550247192,0.6550655961036682,0.1
p41002693_A22_s08,p41002693_A22,plate_41002693,Istradefylline,100.0,0.2491853982210159,0.223704531788826,test,1.4892021417617798,1.366828203201294,-1.4381409883499146,0.23889151215553284,1.7130107879638672,1.8676393032073975,1.9065059423446655,0.1
p41002693_B12_s08,p41002693_B12,plate_41002693,control,0.0,1.0117301940917969,0.0297692120075225,test,1.5076152086257935,1.3951635360717773,-1.4721026420593262,0.29024726152420044,1.7676247358322144,1.9792498350143433,2.034349203109741,0.1
p41002693_B17_s08,p41002693_B17,plate_41002693,Tolterodine,100.0,0.5502063632011414,0.2592138051986694,test,1.8018256425857544,1.316097617149353,-1.5924780368804932,0.28279829025268555,2.3692679405212402,2.759976387023926,2.8897950649261475,0.1
p41002693_C11_s08,p41002693_C11,plate_41002693,Loratadine,100.0,0.640762448310852,0.0652784928679466,test,1.7948459386825562,1.2335450649261475,-1.7257477045059204,0.30957600474357605,2.3284473419189453,2.7644126415252686,2.8872928619384766,0.1
p41002693_C15_s08,p41002693_C15,plate_41002693,Ethacrynic acid,100.0,0.0518355593085289,0.5460195541381836,test,1.0305790901184082,1.159140706062317,-1.2990370988845825,0.09192835539579391,0.26192811131477356,0.3092716336250305,0.33517515659332275,0.0999965706447188
p41002693_C21_s08,p41002693_C21,plate_41002693,Isradipine,100.0,0.6757358312606812,0.0543525628745555,test,1.4255948066711426,1.4444481134414673,-1.3235472440719604,0.23772810399532318,1.4602192640304565,1.6069170236587524,1.6515034437179565,0.1
p41002693_C24_s08,p41002693_C24,plate_41002693,Fluspirilene,100.0,0.0955522954463958,0.611575186252594,test,0.9643536806106567,1.186354637145996,-1.3107305765151978,0.07898375391960144,0.13081619143486023,0.14822335541248322,0.16721180081367493,0.0999965706447188
p41002693_D10_s08,p41002693_D10,plate_41002693,Compound_255ef47f,100.0,0.0193602684885263,0.4558806121349334,test,0.9788246154785156,1.1028985977172852,-1.303425669670105,0.07319776713848114,0.08996672928333282,0.10499203950166702,0.12471111863851547,0.1
p41002693_D12_s08,p41002693_D12,plate_41002693,control,0.0,0.8755837678909302,-0.0494438037276268,test,1.2864792346954346,1.2564215660095215,-1.4548039436340332,0.19832301139831543,1.2151035070419312,1.2917351722717285,1.3123157024383545,0.1
p41002693_E19_s08,p41002693_E19,plate_41002693,Irinotecan,100.0,0.4708917140960693,0.163611888885498,test,2.211785316467285,1.3213282823562622,-1.833256483078003,0.3212016820907593,3.797260284423828,4.312113285064697,4.428685665130615,0.1
p41002693_E21_s08,p41002693_E21,plate_41002693,Gabapentin enacarbil,100.0,0.9911208748817444,-0.0467123202979564,test,1.4694461822509766,1.343538522720337,-1.4473077058792114,0.2677812874317169,1.564906120300293,1.813048005104065,1.8838914632797241,0.1
p41002693_E22_s08,p41002693_E22,plate_41002693,Macitentan,100.0,0.8974421620368958,-0.0439808368682861,test,1.3985261917114258,1.3653186559677124,-1.3925161361694336,0.24979820847511292,1.467472791671753,1.6456986665725708,1.6954493522644043,0.1
p41002693_F10_s08,p41002693_F10,plate_41002693,Edoxaban (tosylate),100.0,0.785652220249176,-0.00027710487484,test,1.5267432928085327,1.4186900854110718,-1.4535350799560547,0.2990742325782776,1.727342128753662,1.9811525344848633,2.073462963104248,0.1
p41002693_F12_s08,p41002693_F12,plate_41002693,control,0.0,0.8936949968338013,-0.0139345219358801,test,1.5536224842071533,1.31666100025177,-1.5430341958999634,0.28378552198410034,1.6530524492263794,2.0003485679626465,2.15934419631958,0.1
p41002693_G22_s08,p41002693_G22,plate_41002693,Nifurtimox,100.0,0.4490333497524261,0.1554174423217773,test,1.6888515949249268,1.420470118522644,-1.3758013248443604,0.18728840351104736,1.8778331279754639,2.1250085830688477,2.1986210346221924,0.1
p41002693_H19_s08,p41002693_H19,plate_41002693,control,0.0,0.9730096459388732,-0.0712956711649894,test,1.2948468923568726,1.2720608711242676,-1.4310684204101562,0.23032797873020172,1.2523859739303589,1.3689138889312744,1.401974081993103,0.1
p41002693_I12_s08,p41002693_I12,plate_41002693,control,0.0,0.926170289516449,-0.0740271508693695,test,1.7014358043670654,1.45366370677948,-1.4594783782958984,0.2879227101802826,1.8577961921691895,2.300642728805542,2.533289670944214,0.1
p41002693_I13_s08,p41002693_I13,plate_41002693,Zalcitabine,100.0,0.872461199760437,-0.0631012246012687,test,1.4915810823440552,1.3264225721359253,-1.4449539184570312,0.2512781023979187,1.5000981092453003,1.7742222547531128,1.9253066778182983,0.1
p41002693_I14_s08,p41002693_I14,plate_41002693,Ebrotidine,100.0,0.0574562847614288,0.2810656726360321,test,1.0443984270095825,1.098224401473999,-1.2538782358169556,0.08268067240715027,0.24567312002182007,0.32085660099983215,0.37086912989616394,0.1
p41002693_I15_s08,p41002693_I15,plate_41002693,Linagliptin,100.0,0.2448137253522873,0.1472229957580566,test,1.5704258680343628,1.3106398582458496,-1.56637442111969,0.261540949344635,1.830333948135376,2.0483174324035645,2.1073896884918213,0.1
p41002693_I22_s08,p41002693_I22,plate_41002693,Thio-TEPA,100.0,0.9311665296554564,-0.0385178700089454,test,1.404407262802124,1.2707971334457397,-1.5445072650909424,0.21070660650730133,1.4221363067626953,1.550826072692871,1.594709873199463,0.1
p41002693_I24_s08,p41002693_I24,plate_41002693,Aripiprazole,100.0,0.1729933768510818,0.2373619377613067,test,1.4137365818023682,1.1815378665924072,-1.3210896253585815,0.1257551610469818,1.0407240390777588,1.2217422723770142,1.2856422662734985,0.0999965706447188
p41002693_J16_s08,p41002693_J16,plate_41002693,6-Thioguanine,100.0,0.7250733375549316,-0.0248604547232389,test,1.350652813911438,1.2442830801010132,-1.4290775060653687,0.22006478905677795,1.3104476928710938,1.4384723901748657,1.4860178232192993,0.0999965706447188
p41002693_K22_s08,p41002693_K22,plate_41002693,Flecainide,100.0,0.5776854753494263,0.0488895960152149,test,1.3609998226165771,1.3420103788375854,-1.4049171209335327,0.18998880684375763,1.1856834888458252,1.312162160873413,1.361102819442749,0.1
p41002693_L12_s08,p41002693_L12,plate_41002693,control,0.0,0.9904963374137878,-0.0112030385062098,test,1.5459330081939697,1.3489999771118164,-1.3866465091705322,0.21572284400463104,1.5494471788406372,1.8506624698638916,1.9791303873062134,0.1
p41002693_M10_s08,p41002693_M10,plate_41002693,Troglitazone,100.0,0.6626208424568176,-0.1559716612100601,test,1.7855579853057861,1.0363562107086182,-1.841124415397644,0.27668559551239014,2.1103732585906982,2.5464961528778076,2.735184669494629,0.1
p41002693_M11_s08,p41002693_M11,plate_41002693,Rifapentine,100.0,0.2704192399978637,-0.0303234215825796,test,1.4599722623825073,1.242148518562317,-1.4825643301010132,0.21294927597045898,1.6463266611099243,1.7578426599502563,1.7812983989715576,0.1
p41002693_M23_s08,p41002693_M23,plate_41002693,Difenoconazole,100.0,0.2491853982210159,0.0543525628745555,test,1.4688284397125244,1.2141000032424927,-1.2984124422073364,0.15001393854618073,1.3548635244369507,1.490358829498291,1.5295732021331787,0.1
p41002694_D12_s08,p41002694_D12,plate_41002694,control,0.0,0.8513052463531494,0.0277123302221298,test,1.5541971921920776,1.3323456048965454,-1.4211686849594116,0.2637408971786499,1.7678345441818237,2.054027795791626,2.1549837589263916,0.1
p41002694_F11_s08,p41002694_F11,plate_41002694,Mitoxantrone,1.0,0.2068178504705429,0.3280357718467712,test,1.1717602014541626,1.1635124683380127,-1.2225311994552612,0.1244293749332428,0.589785099029541,0.6792793869972229,0.7318001985549927,0.1
p41002694_H22_s08,p41002694_H22,plate_41002694,control,0.0,0.9879189133644104,-0.0411691926419734,test,1.430134892463684,1.415177345275879,-1.3693623542785645,0.27861830592155457,1.537786841392517,1.7544503211975098,1.8185564279556274,0.1
p41002694_I14_s08,p41002694_I14,plate_41002694,Retinoic acid,1.0,0.9265692830085754,-0.0273928884416818,test,1.5393697023391724,1.206700325012207,-1.5596033334732056,0.2370130866765976,1.6095350980758667,1.8833972215652466,1.9880982637405396,0.1
p41002694_J22_s08,p41002694_J22,plate_41002694,Compound_567dbb1e,1.0,1.0992337465286257,-0.0329034104943275,test,1.4714535474777222,1.3673121929168701,-1.4222488403320312,0.2424936294555664,1.4738280773162842,1.7429865598678589,1.8473302125930786,0.1
p41002694_K10_s08,p41002694_K10,plate_41002694,Lapatinib,1.0,0.8993730545043945,-0.0632112771272659,test,1.5486456155776978,1.281267762184143,-1.4901087284088135,0.25457507371902466,1.677599549293518,2.0097076892852783,2.1133527755737305,0.1
p41002694_K13_s08,p41002694_K13,plate_41002694,Olmesartan,1.0,0.9272017478942872,-0.0632112771272659,test,1.328660488128662,1.2092387676239014,-1.3429234027862549,0.2033325582742691,1.1926729679107666,1.3368099927902222,1.4053900241851807,0.1
p41002694_K21_s08,p41002694_K21,plate_41002694,Thalidomide,1.0,1.0252346992492676,-0.0053508006967604,test,1.5995656251907349,1.406896948814392,-1.4821630716323853,0.28713563084602356,1.8558512926101685,2.152979612350464,2.2223992347717285,0.1
p41002694_L16_s08,p41002694_L16,plate_41002694,Sorafenib,1.0,0.8051349520683289,-0.0191271062940359,test,1.3003075122833252,1.2526428699493408,-1.366004228591919,0.18967044353485107,1.2395941019058228,1.3380680084228516,1.3610846996307373,0.1
p41002694_L18_s08,p41002694_L18,plate_41002694,Lercanidipine,1.0,0.9872864484786988,-0.0356586724519729,test,1.3120757341384888,1.0743167400360107,-1.507705807685852,0.20102038979530334,1.1402969360351562,1.2979565858840942,1.359391689300537,0.1
p41002694_M10_s08,p41002694_M10,plate_41002694,Raltegravir,1.0,0.970842182636261,-0.1045401915907859,test,1.570133090019226,1.3380324840545654,-1.4915772676467896,0.2775099277496338,1.848007082939148,2.09639573097229,2.1706626415252686,0.1
p41002695_A22_s08,p41002695_A22,plate_41002695,Istradefylline,11.0,0.6648803949356079,0.2165001779794693,test,1.370293140411377,1.344473123550415,-1.4304832220077515,0.2809436023235321,1.3847541809082031,1.5807749032974243,1.6508187055587769,0.1
p41002695_E19_s08,p41002695_E19,plate_41002695,Irinotecan,11.0,0.9531100392341614,0.0380069240927696,test,1.4277329444885254,1.2604718208312988,-1.5513499975204468,0.2827988266944885,1.545347809791565,1.7582495212554932,1.8278921842575073,0.1
p41002695_E21_s08,p41002695_E21,plate_41002695,Gabapentin enacarbil,11.0,1.020287036895752,-0.0828192830085754,test,1.2969720363616943,1.3250176906585693,-1.4569199085235596,0.2125253975391388,1.2859004735946655,1.36749267578125,1.3924837112426758,0.1
p41002695_E22_s08,p41002695_E22,plate_41002695,Macitentan,11.0,1.0271769762039185,-0.0196601282805204,test,1.4415820837020874,1.2818299531936646,-1.4217677116394043,0.22978298366069794,1.4249907732009888,1.6836456060409546,1.7775182723999023,0.1
p41002695_F15_s08,p41002695_F15,plate_41002695,Edoxaban (tosylate),11.0,0.961722493171692,-0.0196601282805204,test,1.4580241441726685,1.3045884370803833,-1.4489258527755737,0.23725952208042145,1.504048228263855,1.749760389328003,1.8353264331817627,0.1
p41002695_G22_s08,p41002695_G22,plate_41002695,Nifurtimox,11.0,1.1523444652557373,-0.0086759282276034,test,1.385480523109436,1.316097617149353,-1.4586747884750366,0.25022998452186584,1.4594342708587646,1.6130802631378174,1.6589081287384033,0.1
p41002695_H16_s08,p41002695_H16,plate_41002695,control,0.0,0.8962679505348206,-0.0361364297568798,test,1.3350203037261963,1.3372184038162231,-1.3666725158691406,0.2041187286376953,1.2038688659667969,1.3538886308670044,1.4363292455673218,0.1
p41002695_I21_s08,p41002695_I21,plate_41002695,6-Thioguanine,11.0,0.9358851909637452,-0.0498666800558567,test,1.4077011346817017,1.4270414113998413,-1.4493389129638672,0.22572943568229675,1.4080028533935547,1.5577569007873535,1.6120954751968384,0.1
p41002695_I22_s08,p41002695_I22,plate_41002695,Zalcitabine,11.0,1.071387529373169,-0.0443745777010917,test,1.4989442825317383,1.2839878797531128,-1.4627710580825806,0.2614328861236572,1.5042285919189453,1.8278542757034302,1.9453485012054443,0.0999965706447188
p41002695_I23_s08,p41002695_I23,plate_41002695,Ebrotidine,11.0,1.0530143976211548,-0.0443745777010917,test,1.483890414237976,1.306174635887146,-1.5363610982894897,0.2766304910182953,1.5880954265594482,1.8189982175827026,1.8717129230499268,0.1
p41002695_J16_s08,p41002695_J16,plate_41002695,Thio-TEPA,11.0,0.9577033519744872,-0.0498666800558567,test,1.4263733625411987,1.3699688911437988,-1.5237408876419067,0.21092338860034943,1.4139422178268433,1.5751672983169556,1.6235367059707642,0.1
p41002695_M13_s08,p41002695_M13,plate_41002695,Lenvatinib,11.0,0.4570334851741791,-0.1020416319370269,test,1.5547034740447998,1.3712975978851318,-1.5664008855819702,0.26145848631858826,1.7694436311721802,1.9670162200927734,2.036738157272339,0.1
p41002695_M17_s08,p41002695_M17,plate_41002695,Troglitazone,11.0,0.9904305934906006,-0.0471206307411193,test,1.5049899816513062,1.3603360652923584,-1.4226847887039185,0.24378405511379242,1.4525216817855835,1.7380445003509521,1.8910266160964966,0.1
p41002696_F14_s08,p41002696_F14,plate_41002696,Mitoxantrone,11.0,0.0190293882042169,0.5425882339477539,test,0.9507338404655457,1.1327481269836426,-1.3387023210525513,0.08121251314878464,0.12554426491260529,0.14373767375946045,0.16525506973266602,0.09998285322359396
p41002696_F17_s08,p41002696_F17,plate_41002696,Compound_516bb906,11.0,0.0464540943503379,0.2357145696878433,test,0.9493546485900879,1.176787257194519,-1.2820284366607666,0.08218993991613388,0.1416100561618805,0.1588670164346695,0.1762634813785553,0.09998971193415637
p41002696_F20_s08,p41002696_F20,plate_41002696,control,0.0,0.9637824892997742,-0.0273200180381536,test,1.3788864612579346,1.2920801639556885,-1.4173038005828857,0.2311071753501892,1.3399451971054077,1.5268908739089966,1.5996750593185425,0.1
p41002696_I10_s08,p41002696_I10,plate_41002696,Compound_567dbb1e,11.0,0.7516608238220215,-0.1012984961271286,test,1.4897561073303223,1.2426748275756836,-1.5616501569747925,0.22920283675193787,1.472208023071289,1.7058138847351074,1.7890528440475464,0.1
p41002696_I23_s08,p41002696_I23,plate_41002696,Retinoic acid,11.0,1.0757200717926023,-0.0684191733598709,test,1.4375903606414795,1.33254873752594,-1.4148049354553223,0.21940375864505768,1.5582993030548096,1.7077271938323975,1.7477394342422485,0.1
p41002696_K16_s08,p41002696_K16,plate_41002696,Lercanidipine,11.0,0.991207242012024,-0.0136202992871403,test,1.4136382341384888,1.267242431640625,-1.6402614116668701,0.23626023530960083,1.2502065896987915,1.369984745979309,1.4152252674102783,0.0999965706447188
p41002696_K17_s08,p41002696_K17,plate_41002696,Lapatinib,11.0,0.7774064540863037,-0.0629392862319946,test,1.4470818042755127,1.2942181825637817,-1.396933913230896,0.2051190286874771,1.4399802684783936,1.608507752418518,1.6669821739196777,0.1
p41002696_K21_s08,p41002696_K21,plate_41002696,Sorafenib,11.0,0.3106267750263214,-0.0519795082509517,test,1.5122935771942139,1.3242021799087524,-1.4630697965621948,0.24490223824977875,1.671563744544983,1.8708586692810059,1.9282429218292236,0.1
p41002696_K22_s08,p41002696_K22,plate_41002696,Olmesartan,11.0,1.018072247505188,-0.0300599616020917,test,1.4535059928894043,1.2316956520080566,-1.5445072650909424,0.2868640124797821,1.4851343631744385,1.7521719932556152,1.8471060991287231,0.1
p41002696_K23_s08,p41002696_K23,plate_41002696,Sunitinib,11.0,0.5373003482818604,0.1398165374994278,test,1.9231489896774292,1.1045819520950317,-1.9882473945617676,0.3209001421928406,1.0864030122756958,1.7499932050704956,2.4961130619049072,0.1
p41002696_L13_s08,p41002696_L13,plate_41002696,Thalidomide,11.0,0.9274027943611144,-0.0958186089992523,test,1.3602007627487183,1.2901345491409302,-1.4520145654678345,0.23054631054401398,1.2817471027374268,1.456600546836853,1.5265721082687378,0.0999965706447188
p41002696_M17_s08,p41002696_M17,plate_41002696,Raltegravir,11.0,0.9923266172409058,0.0274788551032543,test,1.4197672605514526,1.3653846979141235,-1.469153881072998,0.2515542805194855,1.4680734872817993,1.6315826177597046,1.6841702461242676,0.1
p41002697_E19_s08,p41002697_E19,plate_41002697,Irinotecan,1.0,0.9308834671974182,-0.0095288725569844,test,1.4842952489852905,1.298285722732544,-1.4859285354614258,0.27749285101890564,1.556557297706604,1.8200269937515259,1.921786904335022,0.1
p41002697_E21_s08,p41002697_E21,plate_41002697,Gabapentin enacarbil,1.0,1.073294758796692,-0.0941845253109932,test,1.4835361242294312,1.344503402709961,-1.4839000701904297,0.2903624176979065,1.681854248046875,1.925518274307251,2.00534987449646,0.1
p41002697_E22_s08,p41002697_E22,plate_41002697,Macitentan,1.0,0.9939844012260436,-0.0292818583548069,test,1.3905116319656372,1.3489999771118164,-1.4633220434188843,0.2711739242076874,1.4698388576507568,1.6659541130065918,1.7299307584762573,0.1
p41002697_F10_s08,p41002697_F10,plate_41002697,Edoxaban (tosylate),1.0,0.8463629484176636,-0.0123507278040051,test,1.498429298400879,1.319674015045166,-1.4369783401489258,0.22839999198913574,1.6195578575134277,1.8634263277053833,1.9370146989822388,0.1
p41002697_G22_s08,p41002697_G22,plate_41002697,Nifurtimox,1.0,1.1416058540344238,0.0384426638484001,test,1.7262123823165894,1.3803720474243164,-1.487037181854248,0.25822171568870544,2.140002489089966,2.4968864917755127,2.6415278911590576,0.1
p41002697_I13_s08,p41002697_I13,plate_41002697,Zalcitabine,1.0,0.9065693616867064,-0.0603222623467445,test,1.4580841064453125,1.1506175994873047,-1.383008360862732,0.22906534373760223,1.5038573741912842,1.741996169090271,1.8158766031265259,0.1
p41002697_I14_s08,p41002697_I14,plate_41002697,Ebrotidine,1.0,0.9760382771492004,-0.0264600031077861,test,1.2748804092407227,1.3141120672225952,-1.267594814300537,0.19821646809577942,1.1253571510314941,1.2617607116699219,1.3001885414123535,0.1
p41002697_I22_s08,p41002697_I22,plate_41002697,Thio-TEPA,1.0,1.0582431554794312,-0.0292818583548069,test,1.5290782451629639,1.4574018716812134,-1.385133981704712,0.2645071744918823,1.6654905080795288,1.9249376058578491,2.0179920196533203,0.1
p41002697_J16_s08,p41002697_J16,plate_41002697,6-Thioguanine,1.0,0.933199107646942,-0.0828971043229103,test,1.422647476196289,1.3489999771118164,-1.4302650690078735,0.3378264009952545,1.5041253566741943,1.7444987297058105,1.7884916067123413,0.1
p41002697_L12_s08,p41002697_L12,plate_41002697,control,0.0,0.970828115940094,-0.0575004070997238,test,1.3400756120681763,1.1642054319381714,-1.4167579412460327,0.20567584037780762,1.3311529159545898,1.4296621084213257,1.4540314674377441,0.1
p41002697_M10_s08,p41002697_M10,plate_41002697,Troglitazone,1.0,0.9957211017608644,-0.0970063805580139,test,1.5451502799987793,1.3640446662902832,-1.4492974281311035,0.27984699606895447,1.8043595552444458,2.0734245777130127,2.1484692096710205,0.1
p41002698_E11_s01,p41002698_E11,plate_41002698,Raltegravir,0.1369294673204422,0.8776556849479675,-0.0926596894860267,test,1.3398383855819702,1.2108771800994873,-1.487122893333435,0.2481144368648529,1.2380772829055786,1.4274696111679077,1.5039187669754028,0.1
p41002698_E24_s01,p41002698_E24,plate_41002698,Retinoic acid,0.1369294673204422,1.202947974205017,0.1095957309007644,test,1.457354187965393,1.242204189300537,-1.5232458114624023,0.23940017819404602,1.4639220237731934,1.6907382011413574,1.7576816082000732,0.1
p41002698_F20_s01,p41002698_F20,plate_41002698,control,0.0,0.9632033109664916,-0.0196230094879865,test,1.2994276285171509,1.2511717081069946,-1.4725724458694458,0.23040728271007538,1.2167580127716064,1.3423388004302979,1.3820343017578125,0.1
p41002698_I23_s01,p41002698_I23,plate_41002698,Lercanidipine,0.1369294673204422,1.1142319440841677,-0.0617595575749874,test,1.15451180934906,1.1052048206329346,-1.3598352670669556,0.17736226320266724,0.8742661476135254,0.9339739680290222,0.9498437643051147,0.1
p41002698_J13_s01,p41002698_J13,plate_41002698,Compound_567dbb1e,0.1369294673204422,0.9558103084564208,-0.0729959681630134,test,1.3925117254257202,0.9660212397575378,-1.520483136177063,0.1817387193441391,1.2924555540084839,1.4828474521636963,1.52183198928833,0.1
p41002698_J16_s01,p41002698_J16,plate_41002698,Lapatinib,0.1369294673204422,0.9119803309440612,-0.050523143261671,test,1.2980035543441772,1.2223790884017944,-1.441530704498291,0.2669980227947235,1.1707435846328735,1.3396565914154053,1.3982707262039185,0.1
p41002698_K10_s01,p41002698_K10,plate_41002698,Thalidomide,0.1369294673204422,0.9616191387176514,-0.0645686611533165,test,1.6564191579818726,1.1696116924285889,-1.4566329717636108,0.20441797375679016,1.6431821584701538,2.0477294921875,2.1954197883605957,0.1
p41002698_L19_s01,p41002698_L19,plate_41002698,Sorafenib,0.1369294673204422,0.9874946475028992,-0.0168139059096574,test,1.7726720571517944,1.3721587657928467,-1.5053218603134155,0.3512739837169647,1.8738597631454468,2.420227289199829,2.6438076496124268,0.1
p41002698_M13_s01,p41002698_M13,plate_41002698,Olmesartan,0.1369294673204422,0.9352155327796936,0.0056589180603623,test,1.2900745868682861,0.8945240378379822,-1.6014866828918457,0.15133890509605408,0.9801581501960754,1.081248164176941,1.1124598979949951,0.1
p41002699_C24_s08,p41002699_C24,plate_41002699,Nifurtimox,0.1369294673204422,1.2413115501403809,0.1462916880846023,test,1.5373073816299438,1.3551597595214844,-1.4290775060653687,0.25988563895225525,1.753064513206482,2.017709732055664,2.084963798522949,0.1
p41002699_I10_s08,p41002699_I10,plate_41002699,Irinotecan,0.1369294673204422,0.9667651057243348,-0.0902893990278244,test,1.5283793210983276,1.2545700073242188,-1.4097050428390503,0.2497611790895462,1.5531200170516968,1.8638451099395752,1.9953022003173828,0.09999314128943759
p41002699_I15_s08,p41002699_I15,plate_41002699,6-Thioguanine,0.1369294673204422,0.9204753041267396,-0.0705743059515953,test,1.6092076301574707,1.254715085029602,-1.5448225736618042,0.2479332983493805,1.6947051286697388,2.0584049224853516,2.1980042457580566,0.1
p41002699_J14_s08,p41002699_J14,plate_41002699,Gabapentin enacarbil,0.1369294673204422,0.9641047716140748,-0.0198783595114946,test,1.599849820137024,1.3775503635406494,-1.363275170326233,0.24321110546588898,1.650547981262207,2.0548200607299805,2.2059781551361084,0.1
p41002699_J15_s08,p41002699_J15,plate_41002699,Edoxaban (tosylate),0.1369294673204422,0.9492068886756896,-0.0705743059515953,test,1.3735507726669312,1.364777684211731,-1.3963333368301392,0.1897590011358261,1.143263339996338,1.3145713806152344,1.3875705003738403,0.0999965706447188
p41002699_J18_s08,p41002699_J18,plate_41002699,Zalcitabine,0.1369294673204422,1.0449788570404053,-0.073390744626522,test,1.4181675910949707,1.3976752758026123,-1.2655566930770874,0.20549193024635315,1.3552855253219604,1.5483512878417969,1.623146653175354,0.0999965706447188
p41002699_J19_s08,p41002699_J19,plate_41002699,Thio-TEPA,0.1369294673204422,0.9768743515014648,-0.0677578672766685,test,1.3514509201049805,1.2209303379058838,-1.4258418083190918,0.1875818818807602,1.1407877206802368,1.2897493839263916,1.3489809036254883,0.1
p41002699_J24_s08,p41002699_J24,plate_41002699,Troglitazone,0.1369294673204422,0.9880477786064148,0.0674313232302665,test,1.354173183441162,1.2722796201705933,-1.3106398582458496,0.2111261934041977,1.2809083461761475,1.4555944204330444,1.50946843624115,0.1
p41002699_K17_s08,p41002699_K17,plate_41002699,Macitentan,0.1369294673204422,1.01465106010437,-0.073390744626522,test,1.3971986770629883,1.3183408975601196,-1.3949886560440063,0.20799385011196136,1.3726030588150024,1.5085240602493286,1.5491974353790283,0.1
p41002699_K22_s08,p41002699_K22,plate_41002699,Ebrotidine,0.1369294673204422,1.0167794227600098,-0.0311441253870725,test,1.5584710836410522,1.367649793624878,-1.5106313228607178,0.26654869318008423,1.6918601989746094,1.995937466621399,2.1068315505981445,0.1
p41002700_B15_s01,p41002700_B15,plate_41002700,Nifurtimox,33.5,1.0464487075805664,0.0706081464886665,test,1.4031429290771484,1.3980544805526733,-1.3919227123260498,0.23253290355205536,1.3046480417251587,1.536747694015503,1.6353123188018799,0.1
p41002700_C11_s01,p41002700_C11,plate_41002700,Irinotecan,33.5,0.8090237975120544,0.0094305397942662,test,1.6735706329345703,1.4569200277328491,-1.3220200538635254,0.22434130311012268,2.162092685699463,2.350557804107666,2.3992934226989746,0.1
p41002700_D11_s01,p41002700_D11,plate_41002700,Gabapentin enacarbil,33.5,0.9591519236564636,-0.0211582649499177,test,1.5910052061080933,1.2757984399795532,-1.4954031705856323,0.2675047814846039,1.8660789728164673,2.1415016651153564,2.230776071548462,0.1
p41002700_E11_s01,p41002700_E11,plate_41002700,Macitentan,33.5,0.8373813629150391,-0.0712126716971397,test,1.5460443496704102,1.3866815567016602,-1.2510279417037964,0.19701261818408966,1.5135324001312256,1.827765941619873,1.9404057264328003,0.1
p41002700_E12_s01,p41002700_E12,plate_41002700,control,0.0,1.0030783414840698,-0.0628702715039253,test,1.5668418407440186,1.4444481134414673,-1.3235472440719604,0.25320011377334595,1.6600525379180908,1.9741032123565674,2.084613084793091,0.1
p41002700_E13_s01,p41002700_E13,plate_41002700,Edoxaban (tosylate),33.5,0.8907602429389954,-0.0406238660216331,test,1.420758605003357,1.1785999536514282,-1.5619999170303345,0.19523249566555023,1.4312636852264404,1.5686742067337036,1.6057591438293457,0.1
p41002700_G16_s01,p41002700_G16,plate_41002700,6-Thioguanine,33.5,0.9224539399147034,0.0038689391221851,test,1.8518601655960083,1.2323297262191772,-1.4073350429534912,0.24425151944160461,2.2679147720336914,2.81646728515625,2.977048397064209,0.1
p41002700_I16_s01,p41002700_I16,plate_41002700,Zalcitabine,33.5,0.9752768278121948,0.0288961417973041,test,1.3783519268035889,1.3267637491226196,-1.289703369140625,0.17527730762958527,1.1991150379180908,1.3736181259155273,1.4459936618804932,0.1
p41002700_J16_s01,p41002700_J16,plate_41002700,Ebrotidine,33.5,0.5554741024971008,-0.068431869149208,test,2.148585796356201,1.2957500219345093,-1.3489999771118164,0.24125754833221436,3.053708791732788,3.725623607635498,3.9578514099121094,0.1
p41002700_J17_s01,p41002700_J17,plate_41002700,Thio-TEPA,33.5,0.9313504099845886,-0.0573086701333522,test,1.3484563827514648,1.2156685590744019,-1.3568429946899414,0.1546124815940857,1.1831004619598389,1.2918871641159058,1.3136883974075317,0.1
p41002700_J22_s01,p41002700_J22,plate_41002700,Lenvatinib,33.5,0.2224120497703552,-0.0517470687627792,test,1.8936303853988647,1.2201629877090454,-1.3641574382781982,0.23785404860973358,2.4588446617126465,2.928036689758301,3.063509941101074,0.1
p41002700_M16_s01,p41002700_M16,plate_41002700,Linagliptin,33.5,0.5971763134002686,0.0233345422893762,test,1.7581177949905396,1.4039011001586914,-1.2940988540649414,0.21477867662906647,2.0591092109680176,2.405695676803589,2.578848361968994,0.1
p41002700_N22_s01,p41002700_N22,plate_41002700,Troglitazone,33.5,0.8679630160331726,-0.068431869149208,test,1.4498751163482666,1.095155954360962,-1.4360321760177612,0.18321958184242249,1.4345593452453613,1.6072245836257935,1.658891201019287,0.1
p41002700_P12_s01,p41002700_P12,plate_41002700,control,0.0,0.9413589835166932,0.0789505466818809,test,1.4721778631210327,1.290347933769226,-1.316415548324585,0.20899395644664764,1.4772309064865112,1.715457558631897,1.8040401935577393,0.1
p41002701_A19_s08,p41002701_A19,plate_41002701,Lapatinib,33.5,0.3876726925373077,0.2306445091962814,test,1.3897137641906738,1.2054893970489502,-1.2772446870803833,0.18382132053375244,1.3721369504928589,1.4901175498962402,1.5211858749389648,0.1
p41002701_C21_s08,p41002701_C21,plate_41002701,Thalidomide,33.5,1.0732742547988892,0.0432509109377861,test,1.5962920188903809,1.3228566646575928,-1.505860447883606,0.26330241560935974,1.7062170505523682,2.0991880893707275,2.2216427326202393,0.1
p41002701_D13_s08,p41002701_D13,plate_41002701,Mitoxantrone,33.5,0.0172183029353618,0.5690717697143555,test,0.9400439262390137,1.2041409015655518,-1.2403557300567627,0.07075183838605881,0.10089124739170074,0.11589370667934418,0.13263247907161713,0.09996913580246913
p41002701_D17_s08,p41002701_D17,plate_41002701,Alpha-Naphthoflavone,33.5,0.6141194701194763,0.0012971219839528,test,1.688146710395813,1.2964415550231934,-1.6760302782058716,0.30047571659088135,2.1513171195983887,2.42584228515625,2.504970073699951,0.1
p41002701_D19_s08,p41002701_D19,plate_41002701,Sorafenib,33.5,0.1226151883602142,-0.0602351017296314,test,2.0606701374053955,1.4119067192077637,-1.4957823753356934,0.3221455514431,3.0975942611694336,3.6911330223083496,3.882347345352173,0.1
p41002701_E19_s08,p41002701_E19,plate_41002701,Olmesartan,33.5,0.9110047221183776,-0.012687474489212,test,1.5763614177703857,1.3753647804260254,-1.4456709623336792,0.2950347363948822,1.8176639080047607,2.1498029232025146,2.288133144378662,0.1
p41002701_F19_s08,p41002701_F19,plate_41002701,Sunitinib,33.5,0.0292189382016658,0.4068504273891449,test,1.1337872743606567,1.2288835048675537,-1.2658424377441406,0.101647287607193,0.3665580153465271,0.4851429760456085,0.5474849343299866,0.09998628257887517
p41002701_G13_s08,p41002701_G13,plate_41002701,Compound_516bb906,33.5,0.0203489027917385,0.2949736416339874,test,0.9708459973335266,1.2119921445846558,-1.2752265930175781,0.09057630598545074,0.14219175279140472,0.1637633889913559,0.1859527975320816,0.09998285322359396
p41002701_I10_s08,p41002701_I10,plate_41002701,Larotrectinib,33.5,0.6902974247932434,-0.0182813126593828,test,1.6250286102294922,1.206674337387085,-1.485137701034546,0.2396610826253891,1.700703740119934,2.058825969696045,2.205681085586548,0.1
p41002701_I18_s08,p41002701_I18,plate_41002701,Ponatinib (hydrochloride),33.5,0.0354801379144191,0.4320226907730102,test,0.962204098701477,1.2084791660308838,-1.2646875381469727,0.0755036324262619,0.12268505245447159,0.14029838144779205,0.15781261026859283,0.09998971193415637
p41002701_J15_s08,p41002701_J15,plate_41002701,Avapritinib,33.5,0.3198430240154266,-0.0182813126593828,test,1.6662248373031616,1.1231492757797241,-1.4588732719421387,0.24643363058567047,2.0068836212158203,2.346827507019043,2.4260454177856445,0.1
p41002701_J16_s08,p41002701_J16,plate_41002701,Retinoic acid,33.5,0.9110047221183776,-0.0322659090161323,test,1.5742076635360718,1.151740550994873,-1.5653491020202637,0.2564210295677185,1.685623288154602,1.988861083984375,2.103322744369507,0.1
p41002701_J17_s08,p41002701_J17,plate_41002701,Domperidone,33.5,0.4586329758167267,0.015281718224287,test,1.438629388809204,1.2930829524993896,-1.4538445472717285,0.20415253937244415,1.3313138484954834,1.5304739475250244,1.6131149530410767,0.0999965706447188
p41002701_K12_s08,p41002701_K12,plate_41002701,control,0.0,0.9443978071212769,-0.0742197036743164,test,1.4499231576919556,1.2462190389633179,-1.5352904796600342,0.2283850610256195,1.3508172035217285,1.5941572189331055,1.6808176040649414,0.1
p41002701_L12_s08,p41002701_L12,plate_41002701,control,0.0,0.9882262349128724,-0.0742197036743164,test,1.3238078355789185,1.1123332977294922,-1.437749981880188,0.20137207210063934,1.2058426141738892,1.3533583879470825,1.3903244733810425,0.1
p41002701_L13_s08,p41002701_L13,plate_41002701,Zanubrutinib,33.5,0.6438601613044739,-0.0070936358533799,test,1.4055496454238892,1.083622932434082,-1.4153443574905396,0.18467803299427032,1.1755379438400269,1.370812177658081,1.4316864013671875,0.1
p41002701_L15_s08,p41002701_L15,plate_41002701,Ruxolitinib,33.5,0.6323813199996948,-0.012687474489212,test,1.4965755939483643,1.2677348852157593,-1.4383915662765503,0.18196186423301697,1.5939034223556519,1.6814639568328857,1.7015221118927002,0.1
p41002701_L16_s08,p41002701_L16,plate_41002701,Compound_0a440abe,33.5,0.6678614616394043,-0.0602351017296314,test,1.3171916007995605,1.1874010562896729,-1.3700780868530273,0.15216916799545288,1.0512466430664062,1.1775307655334473,1.2174242734909058,0.1
p41002701_N15_s08,p41002701_N15,plate_41002701,Compound_567dbb1e,33.5,0.7184728384017944,-0.0434535890817642,test,1.4698759317398071,1.3427834510803223,-1.3925161361694336,0.23400463163852692,1.5499088764190674,1.7337638139724731,1.808419942855835,0.1
p41002701_N22_s08,p41002701_N22,plate_41002701,Raltegravir,33.5,1.0336198806762695,-0.0406566672027111,test,1.2999777793884277,1.3968935012817383,-1.3250532150268555,0.16335029900074005,1.0583595037460327,1.131386160850525,1.1556084156036377,0.1
p41002701_P18_s08,p41002701_P18,plate_41002701,Lercanidipine,33.5,1.0132709741592407,0.0712201073765754,test,1.6522507667541504,1.1095670461654663,-1.6234718561172485,0.2431299090385437,1.6194641590118408,2.076340675354004,2.2423834800720215,0.1
p41002702_A12_s08,p41002702_A12,plate_41002702,control,0.0,1.063384771347046,0.0495402291417121,test,1.5318282842636108,1.2886788845062256,-1.475126028060913,0.25043395161628723,1.6067566871643066,1.8397043943405151,1.9103429317474365,0.1
p41002702_A18_s08,p41002702_A18,plate_41002702,Irinotecan,0.0456431545317173,1.0922635793685913,0.1949425339698791,test,1.6168513298034668,1.4340720176696777,-1.4340720176696777,0.2665747106075287,1.9812324047088623,2.2409331798553467,2.3161509037017822,0.1
p41002702_B12_s08,p41002702_B12,plate_41002702,control,0.0,0.9523614645004272,0.0891954004764556,test,1.6169946193695068,1.316097617149353,-1.5409308671951294,0.2790991961956024,1.9448878765106201,2.2272119522094727,2.3138253688812256,0.1
p41002702_C10_s08,p41002702_C10,plate_41002702,Nifurtimox,0.0456431545317173,0.9722558259963988,-0.0191954020410776,test,1.53367280960083,1.3937801122665405,-1.4105726480484009,0.2681264877319336,1.6947455406188965,1.9919567108154297,2.1130144596099854,0.1
p41002702_C20_s08,p41002702_C20,plate_41002702,control,0.0,1.0274465084075928,-0.0112643679603934,test,1.5981501340866089,1.4518386125564575,-1.342950701713562,0.26147788763046265,1.796656847000122,2.0872504711151123,2.2158474922180176,0.1
p41002702_C21_s08,p41002702_C21,plate_41002702,Macitentan,0.0456431545317173,1.1076656579971311,-0.0006896551931276,test,1.342121958732605,1.430189847946167,-1.430189847946167,0.21842685341835022,1.1863106489181519,1.2805919647216797,1.316738486289978,0.1
p41002702_D17_s08,p41002702_D17,plate_41002702,6-Thioguanine,0.0456431545317173,1.0043435096740725,0.0706896558403968,test,1.5560212135314941,1.3547649383544922,-1.4239444732666016,0.25212642550468445,1.7467087507247925,2.045819044113159,2.1431801319122314,0.1
p41002702_G21_s08,p41002702_G21,plate_41002702,Ebrotidine,0.0456431545317173,1.0389981269836426,0.0045977011322975,test,1.4934196472167969,1.3382936716079712,-1.429297685623169,0.2529997229576111,1.494150996208191,1.777235984802246,1.911474585533142,0.1
p41002702_J19_s08,p41002702_J19,plate_41002702,Gabapentin enacarbil,0.0456431545317173,0.9934336543083192,-0.066781610250473,test,1.393255352973938,1.3211281299591064,-1.4047439098358154,0.23119394481182098,1.3653113842010498,1.5650863647460938,1.6398214101791382,0.1
p41002702_K19_s08,p41002702_K19,plate_41002702,Edoxaban (tosylate),0.0456431545317173,0.8894696831703186,-0.013908046297729,test,1.4837063550949097,1.383213758468628,-1.3587753772735596,0.2675172686576843,1.7118641138076782,1.937549352645874,2.0068557262420654,0.1
p41002702_N19_s08,p41002702_N19,plate_41002702,Zalcitabine,0.0456431545317173,1.0402816534042358,-0.0271264370530843,test,1.5753514766693115,1.4263620376586914,-1.4118566513061523,0.2776111960411072,1.7605596780776978,2.1121933460235596,2.238755941390991,0.1
p41002702_N22_s08,p41002702_N22,plate_41002702,Troglitazone,0.0456431545317173,1.1461708545684814,-0.0059770112857222,test,1.4974991083145142,1.4449962377548218,-1.3944718837738037,0.25901228189468384,1.655388355255127,1.916714072227478,2.0034594535827637,0.1
p41002702_O19_s08,p41002702_O19,plate_41002702,Thio-TEPA,0.0456431545317173,1.106382131576538,-0.016551723703742,test,1.239261269569397,1.326212763786316,-1.3170979022979736,0.19163033366203308,0.9919472336769104,1.1017835140228271,1.1366422176361084,0.1
p41002703_D11_s08,p41002703_D11,plate_41002703,Mitoxantrone,0.4107883870601654,0.6447983384132385,0.1439765691757202,test,1.3575993776321411,1.1326509714126587,-1.2790048122406006,0.1938873827457428,1.2949961423873901,1.4246747493743896,1.4687504768371582,0.1
p41002703_H23_s08,p41002703_H23,plate_41002703,control,0.0,1.0218585729599,-0.0609147548675537,test,1.3466919660568237,1.2502926588058472,-1.4345463514328003,0.18648146092891693,1.2732189893722534,1.3909536600112915,1.4266068935394287,0.1
p41002703_I19_s08,p41002703_I19,plate_41002703,Compound_567dbb1e,0.4107883870601654,0.9677035808563232,-0.0239204876124858,test,1.5032576322555542,1.3038451671600342,-1.5183305740356445,0.26358577609062195,1.5716885328292847,1.8147846460342407,1.921605110168457,0.1
p41002703_J14_s08,p41002703_J14,plate_41002703,Retinoic acid,0.4107883870601654,0.9044384360313416,-0.0523776151239872,test,1.5345889329910278,1.3786484003067017,-1.4082967042922974,0.21233035624027252,1.7128041982650757,1.866743564605713,1.9014896154403687,0.1
p41002703_L18_s08,p41002703_L18,plate_41002703,Lercanidipine,0.4107883870601654,0.902920126914978,-0.0495319031178951,test,1.409355878829956,1.275539517402649,-1.3222870826721191,0.19526280462741852,1.2964892387390137,1.5244944095611572,1.6067076921463013,0.1
p41002703_L19_s08,p41002703_L19,plate_41002703,Lapatinib,0.4107883870601654,0.9267078042030334,-0.0210747756063938,test,1.456437587738037,1.2415574789047241,-1.4265973567962646,0.2003374993801117,1.3841646909713745,1.631617546081543,1.7046940326690674,0.0999965706447188
p41002703_L23_s08,p41002703_L23,plate_41002703,Sorafenib,0.4107883870601654,0.956568956375122,-0.0495319031178951,test,1.3032727241516113,1.321041464805603,-1.4188964366912842,0.20046454668045044,1.1506322622299194,1.2389191389083862,1.2650936841964722,0.1
p41002703_L24_s08,p41002703_L24,plate_41002703,Olmesartan,0.4107883870601654,1.0031321048736572,0.0529137589037418,test,1.5201122760772705,1.1935852766036987,-1.5292811393737793,0.22537760436534882,1.5644954442977905,1.841766357421875,1.9464690685272217,0.1
p41002703_M21_s08,p41002703_M21,plate_41002703,Thalidomide,0.4107883870601654,0.9823811054229736,-0.0694518908858299,test,1.6180987358093262,1.237536072731018,-1.534773349761963,0.2494785487651825,1.871623158454895,2.142667055130005,2.2306532859802246,0.1
p41002703_N13_s08,p41002703_N13,plate_41002703,Raltegravir,0.4107883870601654,0.8573691844940186,-0.0836804583668708,test,1.4181450605392456,1.0901010036468506,-1.62833833694458,0.22071802616119385,1.3038365840911865,1.4642772674560547,1.5303658246994019,0.1
