feature,pearson,spearman
nuclei_count,0.7062359749120204,0.701640232707232
nuclei_area_mean,0.12167007441490567,-0.040440383729639456
nuclei_eccentricity_mean,0.3466912685655018,0.1373529955333698
nuclei_solidity_mean,0.7134203120079063,0.6918353357545804
DNA_mean,0.9463947679243268,0.942805045649396
DNA_std,0.6693478520829583,0.7358755385547375
DNA_p90,0.8940081457726317,0.9173310091485996
DNA_frac_high,0.6032646574006378,0.6826468097816699
DNA_nuc_mean,-0.39253725454695687,-0.5937136744309371
DNA_cyto_mean,0.5111679022692088,0.5915024059099695
DNA_nuc_cyto_ratio,0.3464265995502924,0.42050356266158995
DNA_gradient_mean,0.7725520752152246,0.8452243665475955
DNA_texture_contrast,0.43113014599880495,0.5628644657436067
ER_mean,0.9498112807006406,0.9344367324390469
ER_std,0.8121637603020562,0.8215335361460828
ER_p90,0.8720073306962035,0.8881202247628026
ER_frac_high,0.8733945351459963,0.8447050968078781
ER_nuc_mean,0.7969634325054756,0.8547215706464049
ER_cyto_mean,0.6874821013951573,0.6749096459343666
ER_nuc_cyto_ratio,0.5857280349308387,0.6239936860025851
ER_gradient_mean,0.6816371995344936,0.7070763957208512
ER_texture_contrast,0.7166272764677926,0.6425756137019787
RNA_mean,0.9755034205176284,0.9775194586848659
RNA_std,0.9242135342847477,0.943656568784399
RNA_p90,0.9233687817845464,0.9527444959721977
RNA_frac_high,0.9116330032720283,0.8963622252723908
RNA_nuc_mean,0.8998973118177778,0.91526229196902
RNA_cyto_mean,0.7991645874651887,0.8598423967973852
RNA_nuc_cyto_ratio,0.3479183238693809,0.3918106093549372
RNA_gradient_mean,0.8547068558164393,0.916269941451734
RNA_texture_contrast,0.6915897649981911,0.8541743905922335
AGP_mean,0.9666791776248924,0.9721130600309643
AGP_std,0.8548915226487384,0.876163414290206
AGP_p90,0.8976159343859158,0.9260427520742343
AGP_frac_high,0.6801729217605013,0.7693560684618413
AGP_nuc_mean,0.8514220356090798,0.899251166092639
AGP_cyto_mean,0.8149918971347432,0.8535786903649737
AGP_nuc_cyto_ratio,0.5024562958309055,0.6078277323719333
AGP_gradient_mean,0.8445481847332348,0.8945961217979119
AGP_texture_contrast,0.8389429402355326,0.8557226681349429
Mito_mean,0.9687196463111833,0.9730842898703749
Mito_std,0.8927178331870547,0.9363783657402244
Mito_p90,0.9190827970258604,0.9548719321325279
Mito_frac_high,0.8826332355819098,0.8599071499023795
Mito_nuc_mean,0.8790350661472888,0.9055733682568394
Mito_cyto_mean,0.8286653906169836,0.8828238410186354
Mito_nuc_cyto_ratio,0.3981129716026819,0.5155886403059675
Mito_gradient_mean,0.8859707514039904,0.9453282717309134
Mito_texture_contrast,0.7652110823190433,0.8957816785819501
