well,effect_real,effect_virtual,compound,concentration,group
A01,0.2864040038533037,0.2777416047503251,1,low,1_low
A02,0.2707469887900329,0.1758670520456236,2,low,2_low
A03,0.38215874389781307,0.39257903535659416,3,low,3_low
A04,0.16473472931282618,0.29543221195592784,4,low,4_low
B06,0.2081038967147157,0.2005652479277166,4,high,4_high
C02,0.10867463659991038,0.1056030126972115,5,low,5_low
C03,0.12327649378871942,0.14295039708830273,control,none,control_none
C04,0.12327649378871916,0.1429503970883011,control,none,control_none
D01,0.17373089082654083,0.13858613012127893,5,high,5_high
G04,1.3857290963348028,1.070218087855663,1,high,1_high
G06,0.12977723468309055,0.21003067861486557,3,high,3_high
H05,0.2985884482658446,0.15467035997013276,2,high,2_high
